{
  "project_info": {
    "project_number": "128980811167",
    "firebase_url": "https://project-sports-tracker.firebaseio.com",
    "project_id": "project-sports-tracker",
    "storage_bucket": "project-sports-tracker.appspot.com"
  },
  "client": [
    {
      "client_info": {
        "mobilesdk_app_id": "1:128980811167:android:11c834d7f890d7d4",
        "android_client_info": {
          "package_name": "ch.epfl.esl.sportstracker"
        }
      },
      "oauth_client": [
        {
          "client_id": "128980811167-ijbr618nrk6vqmbbgu5i6j0klnr65cr0.apps.googleusercontent.com",
          "client_type": 1,
          "android_info": {
            "package_name": "ch.epfl.esl.sportstracker",
            "certificate_hash": "f47175d8390edb57c8d7d883d660f42cd0496b3e"
          }
        },
        {
          "client_id": "128980811167-bn71pedrd9ksh6uk59drgbibpm7nehk3.apps.googleusercontent.com",
          "client_type": 3
        }
      ],
      "api_key": [
        {
          "current_key": "AIzaSyAmjgoqQ3OgnrD3MzB4h8DCHDyK39olAQs"
        }
      ],
      "services": {
        "analytics_service": {
          "status": 1
        },
        "appinvite_service": {
          "status": 2,
          "other_platform_oauth_client": [
            {
              "client_id": "128980811167-bn71pedrd9ksh6uk59drgbibpm7nehk3.apps.googleusercontent.com",
              "client_type": 3
            }
          ]
        },
        "ads_service": {
          "status": 2
        }
      }
    }
  ],
  "configuration_version": "1"
}